param,value
w0,0.060035649511244196
w1,0.05200578833306104
w2,0.011391627455923129
w3,0.10972774400746524
bias,0.2157277141445535
